object_layer,startTime,neigborhoodSize,percent,nOfPtsInIMG,epsilon,minPts,cluPts/outPts,TP,FP,TN,FN,incHits,similarity[%],AVGclusterheight,endTime
object_C4_layer_290.png,3898075276400,10,0.05,2500,1.5,7,35.2,0,44,2456,0,0,NaN,NaN,3898673515700
object_C4_layer_291.png,3898674828500,10,0.05,2500,1.5,7,12.8,0,60,4940,0,0,0.0,0.0,3898699727900
object_C4_layer_292.png,3898700815700,10,0.05,2500,1.5,7,0.0,0,60,7440,0,0,0.0,0.0,3898714387100
object_C4_layer_293.png,3898715507000,10,0.05,2500,1.5,7,36.8,0,106,9894,0,0,0.0,0.0,3898728599500
object_C4_layer_294.png,3898730641400,10,0.05,2500,1.5,7,0.0,0,106,12394,0,0,0.0,0.0,3898742750400
object_C4_layer_295.png,3898743765600,10,0.05,2500,1.5,7,23.2,0,135,14865,0,0,0.0,0.0,3898760560900
object_C4_layer_296.png,3898761491200,10,0.05,2500,1.5,7,13.6,0,152,17348,0,0,0.0,2.0,3898775512000
object_C4_layer_297.png,3898776405400,10,0.05,2500,1.5,7,9.6,0,164,19836,0,0,0.0,2.0,3898787439300
object_C4_layer_298.png,3898788988100,10,0.05,2500,1.5,7,9.6,0,176,22324,0,0,0.0,2.0,3898800695600
object_C4_layer_299.png,3898801706900,10,0.05,2500,1.5,7,32.0,0,216,24784,0,0,0.0,2.0,3898814538200
object_C4_layer_300.png,3898815732800,10,0.05,2500,1.5,7,21.6,0,243,27257,0,0,0.0,2.0,3898825858600
object_C4_layer_301.png,3898826725500,10,0.05,2500,1.5,7,24.0,0,273,29727,0,0,0.0,2.0,3898838689100
object_C4_layer_302.png,3898839608800,10,0.05,2500,1.5,7,27.2,0,307,32193,0,0,0.0,2.0,3898889111600
object_C4_layer_303.png,3898890089100,10,0.05,2500,1.5,7,13.6,0,324,34676,0,0,0.0,2.0,3898902362900
object_C4_layer_304.png,3898903312000,10,0.05,2500,1.5,7,17.6,0,346,37154,0,0,0.0,2.0,3898914398500
object_C4_layer_305.png,3898916222000,10,0.05,2500,1.5,7,12.8,0,362,39638,0,0,0.0,2.0,3898927960700
object_C4_layer_306.png,3898928869700,10,0.05,2500,1.5,7,20.8,0,388,42112,0,0,0.0,2.3333333333333335,3898941416000
object_C4_layer_307.png,3898942498900,10,0.05,2500,1.5,7,6.4,0,396,44604,0,0,0.0,2.2,3898952956100
object_C4_layer_308.png,3898954024900,10,0.05,2500,1.5,7,6.4,0,404,47096,0,0,0.0,2.2,3898966272900
object_C4_layer_309.png,3898967093000,10,0.05,2500,1.5,7,6.4,0,412,49588,0,0,0.0,2.2,3898978076500
object_C4_layer_310.png,3898979855700,10,0.05,2500,1.5,7,12.8,0,428,52072,0,0,0.0,2.1666666666666665,3898993381100
object_C4_layer_311.png,3898994226400,10,0.05,2500,1.5,7,18.4,0,451,54549,0,0,0.0,2.1666666666666665,3899005401100
object_C4_layer_312.png,3899006157500,10,0.05,2500,1.5,7,16.0,0,471,57029,0,0,0.0,2.1666666666666665,3899016559600
object_C4_layer_313.png,3899017385200,10,0.05,2500,1.5,7,29.6,0,508,59492,0,0,0.0,2.1666666666666665,3899029703000
object_C4_layer_314.png,3899030663200,10,0.05,2500,1.5,7,19.2,0,532,61968,0,0,0.0,2.142857142857143,3899042833300
object_C4_layer_315.png,3899044099500,10,0.05,2500,1.5,7,23.2,0,561,64439,0,0,0.0,2.142857142857143,3899055189000
object_C4_layer_316.png,3899056160000,10,0.05,2500,1.5,7,6.4,0,569,66931,0,0,0.0,2.142857142857143,3899067463200
object_C4_layer_317.png,3899068341400,10,0.05,2500,1.5,7,12.8,0,585,69415,0,0,0.0,2.142857142857143,3899078319400
object_C4_layer_318.png,3899079136100,10,0.05,2500,1.5,7,0.0,0,585,71915,0,0,0.0,2.142857142857143,3899093036800
object_C4_layer_319.png,3899094136700,10,0.05,2500,1.5,7,13.6,0,602,74398,0,0,0.0,2.142857142857143,3899107613200
object_C4_layer_320.png,3899108859200,10,0.05,2500,1.5,7,15.2,0,621,76879,0,0,0.0,2.142857142857143,3899119475400
object_C4_layer_321.png,3899120440900,10,0.05,2500,1.5,7,12.8,0,637,79363,0,0,0.0,2.142857142857143,3899131136500
object_C4_layer_322.png,3899131921600,10,0.05,2500,1.5,7,17.6,0,659,81841,0,0,0.0,2.142857142857143,3899142283800
object_C4_layer_323.png,3899143593100,10,0.05,2500,1.5,7,20.8,0,685,84315,0,0,0.0,2.125,3899154879900
object_C4_layer_324.png,3899155670600,10,0.05,2500,1.5,7,16.8,0,706,86794,0,0,0.0,2.25,3899167069900
object_C4_layer_325.png,3899168260800,10,0.05,2500,1.5,7,7.2,0,715,89285,0,0,0.0,2.5555555555555554,3899178824300
object_C4_layer_326.png,3899180188700,10,0.05,2500,1.5,7,8.0,0,725,91775,0,0,0.0,2.375,3899194942800
object_C4_layer_327.png,3899195699400,10,0.05,2500,1.5,7,32.8,0,766,94234,0,0,0.0,2.3,3899205721700
object_C4_layer_328.png,3899206945200,10,0.05,2500,1.5,7,0.0,0,766,96734,0,0,0.0,2.3333333333333335,3899219723900
object_C4_layer_329.png,3899220610500,10,0.05,2500,1.5,7,8.8,0,777,99223,0,0,0.0,2.3333333333333335,3899233521900
object_C4_layer_330.png,3899234524600,10,0.05,2500,1.5,7,8.8,0,788,101712,0,0,0.0,2.3333333333333335,3899244822800
object_C4_layer_331.png,3899245831100,10,0.05,2500,1.5,7,34.4,0,831,104169,0,0,0.0,2.3333333333333335,3899256834000
object_C4_layer_332.png,3899257707900,10,0.05,2500,1.5,7,14.4,0,849,106651,0,0,0.0,2.3333333333333335,3899268187600
object_C4_layer_333.png,3899269525000,10,0.05,2500,1.5,7,20.0,0,874,109126,0,0,0.0,2.3333333333333335,3899281185800
object_C4_layer_334.png,3899281952700,10,0.05,2500,1.5,7,14.4,0,892,111608,0,0,0.0,2.272727272727273,3899296392300
object_C4_layer_335.png,3899297311000,10,0.05,2500,1.5,7,8.0,0,902,114098,0,0,0.0,2.3,3899307719400
object_C4_layer_336.png,3899308689000,10,0.05,2500,1.5,7,0.0,0,902,116598,0,0,0.0,2.3,3899319794900
object_C4_layer_337.png,3899320613500,10,0.05,2500,1.5,7,8.0,0,912,119088,0,0,0.0,2.3,3899330636100
object_C4_layer_338.png,3899332229400,10,0.05,2500,1.5,7,8.0,0,922,121578,0,0,0.0,2.3,3899343561600
object_C4_layer_339.png,3899344564300,10,0.05,2500,1.5,7,8.0,0,932,124068,0,0,0.0,2.3,3899356500600
object_C4_layer_340.png,3899357399500,10,0.05,2500,1.5,7,36.0,0,977,126523,0,0,0.0,2.3,3899367716400
object_C4_layer_341.png,3899368695200,10,0.05,2500,1.5,7,13.6,0,994,129006,0,0,0.0,2.3,3899379534400
object_C4_layer_342.png,3899380258700,10,0.05,2500,1.5,7,25.6,0,1026,131474,0,0,0.0,2.3,3899392436300
object_C4_layer_343.png,3899393590600,10,0.05,2500,1.5,7,6.4,0,1034,133966,0,0,0.0,2.3,3899405049700
object_C4_layer_344.png,3899405983600,10,0.05,2500,1.5,7,20.0,0,1059,136441,0,0,0.0,2.272727272727273,3899418510800
object_C4_layer_345.png,3899419377300,10,0.05,2500,1.5,7,19.2,0,1083,138917,0,0,0.0,2.272727272727273,3899429118000
object_C4_layer_346.png,3899429916500,10,0.05,2500,1.5,7,0.0,0,1083,141417,0,0,0.0,2.272727272727273,3899441758800
object_C4_layer_347.png,3899442619000,10,0.05,2500,1.5,7,22.4,0,1111,143889,0,0,0.0,2.272727272727273,3899454208800
object_C4_layer_348.png,3899455315500,10,0.05,2500,1.5,7,8.0,0,1121,146379,0,0,0.0,2.272727272727273,3899467247500
object_C4_layer_349.png,3899468050700,10,0.05,2500,1.5,7,19.2,0,1145,148855,0,0,0.0,2.230769230769231,3899479339700
object_C4_layer_350.png,3899480936800,10,0.05,2500,1.5,7,0.0,0,1145,151355,0,0,0.0,2.25,3899492598900
object_C4_layer_351.png,3899493487500,10,0.05,2500,1.5,7,32.8,0,1186,153814,0,0,0.0,2.25,3899504537700
object_C4_layer_352.png,3899505528600,10,0.05,2500,1.5,7,12.8,0,1202,156298,0,0,0.0,2.25,3899515720600
object_C4_layer_353.png,3899516645200,10,0.05,2500,1.5,7,12.8,0,1218,158782,0,0,0.0,2.25,3899528993600
object_C4_layer_354.png,3899530398700,10,0.05,2500,1.5,7,8.8,0,1229,161271,0,0,0.0,2.25,3899545963200
object_C4_layer_355.png,3899546719700,10,0.05,2500,1.5,7,19.2,0,1253,163747,0,0,0.0,2.25,3899557236200
object_C4_layer_356.png,3899558444300,10,0.05,2500,1.5,7,7.2,0,1262,166238,0,0,0.0,2.25,3899569887600
object_C4_layer_357.png,3899570687000,10,0.05,2500,1.5,7,21.6,0,1289,168711,0,0,0.0,2.25,3899580972200
object_C4_layer_358.png,3899582145600,10,0.05,2500,1.5,7,15.2,0,1308,171192,0,0,0.0,2.25,3899596554500
object_C4_layer_359.png,3899597565600,10,0.05,2500,1.5,7,8.0,0,1318,173682,0,0,0.0,2.25,3899609871300
object_C4_layer_360.png,3899610709900,10,0.05,2500,1.5,7,23.2,0,1347,176153,0,0,0.0,2.25,3899621099700
object_C4_layer_361.png,3899622214800,10,0.05,2500,1.5,7,8.0,0,1357,178643,0,0,0.0,2.25,3899632986700
object_C4_layer_362.png,3899633839900,10,0.05,2500,1.5,7,15.2,0,1376,181124,0,0,0.0,2.25,3899645522800
object_C4_layer_363.png,3899647775400,10,0.05,2500,1.5,7,17.6,0,1398,183602,0,0,0.0,2.25,3899658393700
object_C4_layer_364.png,3899659433400,10,0.05,2500,1.5,7,0.0,0,1398,186102,0,0,0.0,2.25,3899672358100
object_C4_layer_365.png,3899673526300,10,0.05,2500,1.5,7,6.4,0,1406,188594,0,0,0.0,2.25,3899683805900
object_C4_layer_366.png,3899684860700,10,0.05,2500,1.5,7,11.2,0,1420,191080,0,0,0.0,2.25,3899696870400
object_C4_layer_367.png,3899697726600,10,0.05,2500,1.5,7,24.0,0,1450,193550,0,0,0.0,2.25,3899711065500
object_C4_layer_368.png,3899712226600,10,0.05,2500,1.5,7,6.4,0,1458,196042,0,0,0.0,2.25,3899722049400
object_C4_layer_369.png,3899722774600,10,0.05,2500,1.5,7,31.2,0,1497,198503,0,0,0.0,2.25,3899734563000
object_C4_layer_370.png,3899735389200,10,0.05,2500,1.5,7,12.8,0,1513,200987,0,0,0.0,2.230769230769231,3899746393800
object_C4_layer_371.png,3899747698000,10,0.05,2500,1.5,7,0.0,0,1513,203487,0,0,0.0,2.230769230769231,3899759005600
object_C4_layer_372.png,3899759822100,10,0.05,2500,1.5,7,8.8,0,1524,205976,0,0,0.0,2.230769230769231,3899771190400
object_C4_layer_373.png,3899773831100,10,0.05,2500,1.5,7,17.6,0,1546,208454,0,0,0.0,2.230769230769231,3899784140700
object_C4_layer_374.png,3899784843100,10,0.05,2500,1.5,7,15.2,0,1565,210935,0,0,0.0,2.230769230769231,3899796084900
object_C4_layer_375.png,3899796906900,10,0.05,2500,1.5,7,28.0,0,1600,213400,0,0,0.0,2.2,3899808503900
object_C4_layer_376.png,3899809498700,10,0.05,2500,1.5,7,25.6,0,1632,215868,0,0,0.0,2.2142857142857144,3899821117700
object_C4_layer_377.png,3899821875000,10,0.05,2500,1.5,7,0.0,0,1632,218368,0,0,0.0,2.2142857142857144,3899832318000
object_C4_layer_378.png,3899833961300,10,0.05,2500,1.5,7,52.8,0,1698,220802,0,0,0.0,2.2142857142857144,3899844920900
object_C4_layer_379.png,3899845702300,10,0.05,2500,1.5,7,6.4,0,1706,223294,0,0,0.0,2.2142857142857144,3899858002500
object_C4_layer_380.png,3899858978700,10,0.05,2500,1.5,7,25.6,0,1738,225762,0,0,0.0,2.2142857142857144,3899868792400
object_C4_layer_381.png,3899869528200,10,0.05,2500,1.5,7,6.4,0,1746,228254,0,0,0.0,2.1875,3899879829800
object_C4_layer_382.png,3899909879600,10,0.05,2500,1.5,7,19.2,0,1770,230730,0,0,0.0,2.2,3899926493800
object_C4_layer_383.png,3899927631800,10,0.05,2500,1.5,7,13.6,0,1787,233213,0,0,0.0,2.2,3899941822500
object_C4_layer_384.png,3899942641200,10,0.05,2500,1.5,7,23.2,0,1816,235684,0,0,0.0,2.1875,3899952481900
object_C4_layer_385.png,3899953197400,10,0.05,2500,1.5,7,23.2,0,1845,238155,0,0,0.0,2.1875,3899963524500
object_C4_layer_386.png,3899964399200,10,0.05,2500,1.5,7,6.4,0,1853,240647,0,0,0.0,2.1875,3899974060400
object_C4_layer_387.png,3899974759900,10,0.05,2500,1.5,7,14.4,0,1871,243129,0,0,0.0,2.1875,3899984870200
object_C4_layer_388.png,3899985650000,10,0.05,2500,1.5,7,42.4,0,1924,245576,0,0,0.0,2.1666666666666665,3899995142100
object_C4_layer_389.png,3899995925800,10,0.05,2500,1.5,7,6.4,0,1932,248068,0,0,0.0,2.235294117647059,3900008171300
object_C4_layer_390.png,3900009580400,10,0.05,2500,1.5,7,14.4,0,1950,250550,0,0,0.0,2.388888888888889,3900020323000
object_C4_layer_391.png,3900022579800,10,0.05,2500,1.5,7,27.2,0,1984,253016,0,0,0.0,2.2941176470588234,3900034740900
object_C4_layer_392.png,3900035440900,10,0.05,2500,1.5,7,24.0,0,2014,255486,0,0,0.0,2.2941176470588234,3900046667300
object_C4_layer_393.png,3900047484500,10,0.05,2500,1.5,7,12.8,0,2030,257970,0,0,0.0,2.2941176470588234,3900056783900
object_C4_layer_394.png,3900057449800,10,0.05,2500,1.5,7,7.2,0,2039,260461,0,0,0.0,2.2941176470588234,3900067570900
object_C4_layer_395.png,3900068308100,10,0.05,2500,1.5,7,19.2,0,2063,262937,0,0,0.0,2.2941176470588234,3900077738600
object_C4_layer_396.png,3900078488700,10,0.05,2500,1.5,7,21.6,0,2090,265410,0,0,0.0,2.2941176470588234,3900088399500
object_C4_layer_397.png,3900089098400,10,0.05,2500,1.5,7,0.0,0,2090,267910,0,0,0.0,2.2941176470588234,3900098489100
object_C4_layer_398.png,3900099368200,10,0.05,2500,1.5,7,18.4,0,2113,270387,0,0,0.0,2.2941176470588234,3900109616300
object_C4_layer_399.png,3900110426600,10,0.05,2500,1.5,7,0.0,0,2113,272887,0,0,0.0,2.2941176470588234,3900122487900
object_C4_layer_400.png,3900123722100,10,0.05,2500,1.5,7,17.6,0,2135,275365,0,0,0.0,2.2941176470588234,3900133988100
object_C4_layer_401.png,3900134757300,10,0.05,2500,1.5,7,15.2,0,2154,277846,0,0,0.0,2.2941176470588234,3900145515800
object_C4_layer_402.png,3900147212000,10,0.05,2500,1.5,7,22.4,0,2182,280318,0,0,0.0,2.2941176470588234,3900157083500
object_C4_layer_403.png,3900158156300,10,0.05,2500,1.5,7,0.0,0,2182,282818,0,0,0.0,2.2941176470588234,3900168889300
object_C4_layer_404.png,3900169920400,10,0.05,2500,1.5,7,16.0,0,2202,285298,0,0,0.0,2.2941176470588234,3900180651800
object_C4_layer_405.png,3900181503400,10,0.05,2500,1.5,7,12.8,0,2218,287782,0,0,0.0,2.263157894736842,3900192078900
object_C4_layer_406.png,3900192864600,10,0.05,2500,1.5,7,0.0,0,2218,290282,0,0,0.0,2.2777777777777777,3900202719400
object_C4_layer_407.png,3900203490500,10,0.05,2500,1.5,7,27.2,0,2252,292748,0,0,0.0,2.2777777777777777,3900217157400
object_C4_layer_408.png,3900218096200,10,0.05,2500,1.5,7,0.0,0,2252,295248,0,0,0.0,2.2777777777777777,3900228354700
object_C4_layer_409.png,3900229669500,10,0.05,2500,1.5,7,0.0,0,2252,297748,0,0,0.0,2.2777777777777777,3900240432700
object_C4_layer_410.png,3900241433700,10,0.05,2500,1.5,7,6.4,0,2260,300240,0,0,0.0,2.2777777777777777,3900254278400
object_C4_layer_411.png,3900255614700,10,0.05,2500,1.5,7,16.0,0,2280,302720,0,0,0.0,2.2777777777777777,3900266099700
object_C4_layer_412.png,3900266849500,10,0.05,2500,1.5,7,19.2,0,2304,305196,0,0,0.0,2.2777777777777777,3900277881700
object_C4_layer_413.png,3900278698600,10,0.05,2500,1.5,7,6.4,0,2312,307688,0,0,0.0,2.2777777777777777,3900288023200
object_C4_layer_414.png,3900289060600,10,0.05,2500,1.5,7,17.6,0,2334,310166,0,0,0.0,2.2777777777777777,3900299445500
object_C4_layer_415.png,3900300194500,10,0.05,2500,1.5,7,0.0,0,2334,312666,0,0,0.0,2.2777777777777777,3900313770300
object_C4_layer_416.png,3900314742200,10,0.05,2500,1.5,7,32.0,0,2374,315126,0,0,0.0,2.2777777777777777,3900324600800
object_C4_layer_417.png,3900325395800,10,0.05,2500,1.5,7,6.4,0,2382,317618,0,0,0.0,2.2777777777777777,3900337033500
object_C4_layer_418.png,3900337947300,10,0.05,2500,1.5,7,14.4,0,2400,320100,0,0,0.0,2.2777777777777777,3900347437200
object_C4_layer_419.png,3900348290100,10,0.05,2500,1.5,7,21.6,0,2427,322573,0,0,0.0,2.2777777777777777,3900358938000
object_C4_layer_420.png,3900359716900,10,0.05,2500,1.5,7,12.8,0,2443,325057,0,0,0.0,2.2777777777777777,3900369195400
object_C4_layer_421.png,3900370161600,10,0.05,2500,1.5,7,15.2,0,2462,327538,0,0,0.0,2.2777777777777777,3900380159000
object_C4_layer_422.png,3900380942900,10,0.05,2500,1.5,7,16.0,0,2482,330018,0,0,0.0,2.263157894736842,3900390434100
object_C4_layer_423.png,3900391198900,10,0.05,2500,1.5,7,24.8,0,2513,332487,0,0,0.0,2.263157894736842,3900403485200
object_C4_layer_424.png,3900404238800,10,0.05,2500,1.5,7,0.0,0,2513,334987,0,0,0.0,2.263157894736842,3900413421700
object_C4_layer_425.png,3900414448200,10,0.05,2500,1.5,7,16.0,0,2533,337467,0,0,0.0,2.263157894736842,3900424772900
object_C4_layer_426.png,3900425593000,10,0.05,2500,1.5,7,0.0,0,2533,339967,0,0,0.0,2.263157894736842,3900435202200
object_C4_layer_427.png,3900436652200,10,0.05,2500,1.5,7,6.4,0,2541,342459,0,0,0.0,2.263157894736842,3900446735700
object_C4_layer_428.png,3900447447300,10,0.05,2500,1.5,7,8.0,0,2551,344949,0,0,0.0,2.263157894736842,3900458257000
object_C4_layer_429.png,3900460171100,10,0.05,2500,1.5,7,0.0,0,2551,347449,0,0,0.0,2.263157894736842,3900470360500
object_C4_layer_430.png,3900471099800,10,0.05,2500,1.5,7,12.8,0,2567,349933,0,0,0.0,2.263157894736842,3900482143900
object_C4_layer_431.png,3900483462900,10,0.05,2500,1.5,7,0.0,0,2567,352433,0,0,0.0,2.263157894736842,3900495193300
object_C4_layer_432.png,3900495916800,10,0.05,2500,1.5,7,16.8,0,2588,354912,0,0,0.0,2.263157894736842,3900506359300
object_C4_layer_433.png,3900507187300,10,0.05,2500,1.5,7,22.4,0,2616,357384,0,0,0.0,2.263157894736842,3900516953900
object_C4_layer_434.png,3900517968300,10,0.05,2500,1.5,7,14.4,0,2634,359866,0,0,0.0,2.263157894736842,3900529869500
object_C4_layer_435.png,3900530866100,10,0.05,2500,1.5,7,8.8,0,2645,362355,0,0,0.0,2.263157894736842,3900540576600
object_C4_layer_436.png,3900542022100,10,0.05,2500,1.5,7,14.4,0,2663,364837,0,0,0.0,2.238095238095238,3900552016900
object_C4_layer_437.png,3900552726900,10,0.05,2500,1.5,7,8.8,0,2674,367326,0,0,0.0,2.3,3900564563200
object_C4_layer_438.png,3900565552800,10,0.05,2500,1.5,7,48.0,0,2734,369766,0,0,0.0,2.3,3900576702500
object_C4_layer_439.png,3900577459100,10,0.05,2500,1.5,7,0.0,0,2734,372266,0,0,0.0,2.3,3900590192500
object_C4_layer_440.png,3900590949200,10,0.05,2500,1.5,7,12.8,0,2750,374750,0,0,0.0,2.3,3900600404400
object_C4_layer_441.png,3900601463700,10,0.05,2500,1.5,7,32.0,0,2790,377210,0,0,0.0,2.2857142857142856,3900612404400
object_C4_layer_442.png,3900613078700,10,0.05,2500,1.5,7,0.0,0,2790,379710,0,0,0.0,2.2857142857142856,3900622836600
object_C4_layer_443.png,3900624349500,10,0.05,2500,1.5,7,27.2,0,2824,382176,0,0,0.0,2.2857142857142856,3900634677000
object_C4_layer_444.png,3900635527100,10,0.05,2500,1.5,7,20.0,0,2849,384651,0,0,0.0,2.2857142857142856,3900646225400
object_C4_layer_445.png,3900647221600,10,0.05,2500,1.5,7,6.4,0,2857,387143,0,0,0.0,2.272727272727273,3900656888900
object_C4_layer_446.png,3900657641700,10,0.05,2500,1.5,7,7.2,0,2866,389634,0,0,0.0,2.272727272727273,3900668848400
object_C4_layer_447.png,3900670154100,10,0.05,2500,1.5,7,41.6,0,2918,392082,0,0,0.0,2.272727272727273,3900682134700
object_C4_layer_448.png,3900683010300,10,0.05,2500,1.5,7,17.6,0,2940,394560,0,0,0.0,2.272727272727273,3900694497700
object_C4_layer_449.png,3900695209800,10,0.05,2500,1.5,7,6.4,0,2948,397052,0,0,0.0,2.272727272727273,3900704436700
object_C4_layer_450.png,3900705607200,10,0.05,2500,1.5,7,23.2,0,2977,399523,0,0,0.0,2.272727272727273,3900717019400
object_C4_layer_451.png,3900717911200,10,0.05,2500,1.5,7,6.4,0,2985,402015,0,0,0.0,2.272727272727273,3900728386000
object_C4_layer_452.png,3900729640700,10,0.05,2500,1.5,7,43.2,0,3039,404461,0,0,0.0,2.272727272727273,3900740553700
object_C4_layer_453.png,3900741334300,10,0.05,2500,1.5,7,8.0,0,3049,406951,0,0,0.0,2.260869565217391,3900751503300
object_C4_layer_454.png,3900752605100,10,0.05,2500,1.5,7,31.2,0,3088,409412,0,0,0.0,2.260869565217391,3900764087100
object_C4_layer_455.png,3900764907600,10,0.05,2500,1.5,7,6.4,0,3096,411904,0,0,0.0,2.24,3900776078700
object_C4_layer_456.png,3900778586800,10,0.05,2500,1.5,7,24.8,0,3127,414373,0,0,0.0,2.25,3900787754500
object_C4_layer_457.png,3900788688400,10,0.05,2500,1.5,7,0.0,0,3127,416873,0,0,0.0,2.25,3900799690100
object_C4_layer_458.png,3900800412000,10,0.05,2500,1.5,7,17.6,0,3149,419351,0,0,0.0,2.25,3900809835300
object_C4_layer_459.png,3900811004300,10,0.05,2500,1.5,7,28.0,0,3184,421816,0,0,0.0,2.25,3900821445300
object_C4_layer_460.png,3900822206300,10,0.05,2500,1.5,7,17.6,0,3206,424294,0,0,0.0,2.25,3900832800600
object_C4_layer_461.png,3900834744200,10,0.05,2500,1.5,7,38.4,0,3254,426746,0,0,0.0,2.25,3900844083800
object_C4_layer_462.png,3900844836800,10,0.05,2500,1.5,7,14.4,0,3272,429228,0,0,0.0,2.24,3900856123600
object_C4_layer_463.png,3900857084200,10,0.05,2500,1.5,7,31.2,0,3311,431689,0,0,0.0,2.2222222222222223,3900866817000
object_C4_layer_464.png,3900867599700,10,0.05,2500,1.5,7,0.0,0,3311,434189,0,0,0.0,2.230769230769231,3900880154900
object_C4_layer_465.png,3900881203900,10,0.05,2500,1.5,7,44.8,0,3367,436633,0,0,0.0,2.230769230769231,3900890342600
object_C4_layer_466.png,3900891122900,10,0.05,2500,1.5,7,53.6,0,3434,439066,0,0,0.0,2.230769230769231,3900904098000
object_C4_layer_467.png,3900904816800,10,0.05,2500,1.5,7,36.0,0,3479,441521,0,0,0.0,2.2142857142857144,3900915970000
object_C4_layer_468.png,3900917550600,10,0.05,2500,1.5,7,40.8,0,3530,443970,0,0,0.0,2.2142857142857144,3900927302300
object_C4_layer_469.png,3900928047800,10,0.05,2500,1.5,7,6.4,0,3538,446462,0,0,0.0,2.2142857142857144,3900939256200
object_C4_layer_470.png,3900940142500,10,0.05,2500,1.5,7,32.8,0,3579,448921,0,0,0.0,2.2142857142857144,3900949950600
object_C4_layer_471.png,3900950807300,10,0.05,2500,1.5,7,16.8,0,3600,451400,0,0,0.0,2.2142857142857144,3900961624800
object_C4_layer_472.png,3900962369600,10,0.05,2500,1.5,7,20.8,0,3626,453874,0,0,0.0,2.2142857142857144,3900973800900
object_C4_layer_473.png,3900974516700,10,0.05,2500,1.5,7,10.4,0,3639,456361,0,0,0.0,2.2,3900985211500
object_C4_layer_474.png,3900986018900,10,0.05,2500,1.5,7,6.4,0,3647,458853,0,0,0.0,2.206896551724138,3900995694100
object_C4_layer_475.png,3900996628500,10,0.05,2500,1.5,7,19.2,0,3671,461329,0,0,0.0,2.206896551724138,3901006914600
object_C4_layer_476.png,3901007673700,10,0.05,2500,1.5,7,16.0,0,3691,463809,0,0,0.0,2.206896551724138,3901017945300
object_C4_layer_477.png,3901019411800,10,0.05,2500,1.5,7,21.6,0,3718,466282,0,0,0.0,2.193548387096774,3901030664600
object_C4_layer_478.png,3901031417500,10,0.05,2500,1.5,7,0.0,0,3718,468782,0,0,0.0,2.2,3901042249400
object_C4_layer_479.png,3901043610000,10,0.05,2500,1.5,7,20.8,0,3744,471256,0,0,0.0,2.2,3901053178800
object_C4_layer_480.png,3901053933900,10,0.05,2500,1.5,7,0.0,0,3744,473756,0,0,0.0,2.2,3901065822100
object_C4_layer_481.png,3901066568300,10,0.05,2500,1.5,7,28.8,0,3780,476220,0,0,0.0,2.2,3901075999500
object_C4_layer_482.png,3901076736700,10,0.05,2500,1.5,7,8.8,0,3791,478709,0,0,0.0,2.193548387096774,3901087313300
object_C4_layer_483.png,3901088183400,10,0.05,2500,1.5,7,6.4,0,3799,481201,0,0,0.0,2.193548387096774,3901097538800
object_C4_layer_484.png,3901098371900,10,0.05,2500,1.5,7,0.0,0,3799,483701,0,0,0.0,2.193548387096774,3901109573000
object_C4_layer_485.png,3901110355600,10,0.05,2500,1.5,7,15.2,0,3818,486182,0,0,0.0,2.193548387096774,3901119409900
object_C4_layer_486.png,3901120074100,10,0.05,2500,1.5,7,6.4,0,3826,488674,0,0,0.0,2.193548387096774,3901129913700
object_C4_layer_487.png,3901130867500,10,0.05,2500,1.5,7,16.0,0,3846,491154,0,0,0.0,2.193548387096774,3901140528400
object_C4_layer_488.png,3901141496400,10,0.05,2500,1.5,7,28.8,0,3882,493618,0,0,0.0,2.193548387096774,3901155189300
object_C4_layer_489.png,3901155943600,10,0.05,2500,1.5,7,14.4,0,3900,496100,0,0,0.0,2.193548387096774,3901166533100
object_C4_layer_490.png,3901167733800,10,0.05,2500,1.5,7,36.8,0,3946,498554,0,0,0.0,2.193548387096774,3901178518600
object_C4_layer_491.png,3901179511400,10,0.05,2500,1.5,7,8.8,0,3957,501043,0,0,0.0,2.193548387096774,3901191185900
object_C4_layer_492.png,3901192331000,10,0.05,2500,1.5,7,11.2,0,3971,503529,0,0,0.0,2.193548387096774,3901201674400
object_C4_layer_493.png,3901202432500,10,0.05,2500,1.5,7,0.0,0,3971,506029,0,0,0.0,2.193548387096774,3901212413300
object_C4_layer_494.png,3901213117100,10,0.05,2500,1.5,7,12.8,0,3987,508513,0,0,0.0,2.193548387096774,3901222112000
object_C4_layer_495.png,3901222798300,10,0.05,2500,1.5,7,24.8,0,4018,510982,0,0,0.0,2.193548387096774,3901233596700
object_C4_layer_496.png,3901234279100,10,0.05,2500,1.5,7,6.4,0,4026,513474,0,0,0.0,2.1818181818181817,3901246426800
object_C4_layer_497.png,3901247466200,10,0.05,2500,1.5,7,24.8,0,4057,515943,0,0,0.0,2.1875,3901258198300
object_C4_layer_498.png,3901259050900,10,0.05,2500,1.5,7,6.4,0,4065,518435,0,0,0.0,2.176470588235294,3901268479500
object_C4_layer_499.png,3901269589300,10,0.05,2500,1.5,7,12.8,0,4081,520919,0,0,0.0,2.1818181818181817,3901280721700
object_C4_layer_500.png,3901281485200,10,0.05,2500,1.5,7,0.0,0,4081,523419,0,0,0.0,2.1818181818181817,3901319372100
object_C4_layer_501.png,3901320366900,10,0.05,2500,1.5,7,24.0,0,4111,525889,0,0,0.0,2.1818181818181817,3901333669800
object_C4_layer_502.png,3901335282500,10,0.05,2500,1.5,7,8.8,0,4122,528378,0,0,0.0,2.1714285714285713,3901345090300
object_C4_layer_503.png,3901345786500,10,0.05,2500,1.5,7,34.4,0,4165,530835,0,0,0.0,2.176470588235294,3901357095800
object_C4_layer_504.png,3901357903400,10,0.05,2500,1.5,7,15.2,0,4184,533316,0,0,0.0,2.176470588235294,3901369488800
object_C4_layer_505.png,3901370401600,10,0.05,2500,1.5,7,12.8,0,4200,535800,0,0,0.0,2.176470588235294,3901381040000
object_C4_layer_506.png,3901381746200,10,0.05,2500,1.5,7,19.2,0,4224,538276,0,0,0.0,2.176470588235294,3901390994700
object_C4_layer_507.png,3901391788600,10,0.05,2500,1.5,7,16.0,0,4244,540756,0,0,0.0,2.1666666666666665,3901402155600
object_C4_layer_508.png,3901402917700,10,0.05,2500,1.5,7,28.0,0,4279,543221,0,0,0.0,2.1714285714285713,3901411907100
object_C4_layer_509.png,3901412644400,10,0.05,2500,1.5,7,6.4,0,4287,545713,0,0,0.0,2.1714285714285713,3901422783400
object_C4_layer_510.png,3901423567000,10,0.05,2500,1.5,7,6.4,0,4295,548205,0,0,0.0,2.1714285714285713,3901432733600
object_C4_layer_511.png,3901433513800,10,0.05,2500,1.5,7,0.0,0,4295,550705,0,0,0.0,2.1714285714285713,3901444011800
object_C4_layer_512.png,3901444762700,10,0.05,2500,1.5,7,17.6,0,4317,553183,0,0,0.0,2.1714285714285713,3901456827900
object_C4_layer_513.png,3901458020500,10,0.05,2500,1.5,7,6.4,0,4325,555675,0,0,0.0,2.1714285714285713,3901469448200
object_C4_layer_514.png,3901470140500,10,0.05,2500,1.5,7,6.4,0,4333,558167,0,0,0.0,2.1714285714285713,3901481739000
object_C4_layer_515.png,3901482894800,10,0.05,2500,1.5,7,16.8,0,4354,560646,0,0,0.0,2.1714285714285713,3901492759500
object_C4_layer_516.png,3901493614700,10,0.05,2500,1.5,7,16.8,0,4375,563125,0,0,0.0,2.1714285714285713,3901504149800
object_C4_layer_517.png,3901504910900,10,0.05,2500,1.5,7,12.8,0,4391,565609,0,0,0.0,2.1714285714285713,3901514327400
object_C4_layer_518.png,3901515151300,10,0.05,2500,1.5,7,6.4,0,4399,568101,0,0,0.0,2.1714285714285713,3901525015700
object_C4_layer_519.png,3901525819500,10,0.05,2500,1.5,7,20.8,0,4425,570575,0,0,0.0,2.1714285714285713,3901535024500
object_C4_layer_520.png,3901535764900,10,0.05,2500,1.5,7,20.8,0,4451,573049,0,0,0.0,2.1714285714285713,3901548719300
object_C4_layer_521.png,3901549559400,10,0.05,2500,1.5,7,28.8,0,4487,575513,0,0,0.0,2.1714285714285713,3901559487300
object_C4_layer_522.png,3901560566900,10,0.05,2500,1.5,7,12.8,0,4503,577997,0,0,0.0,2.1714285714285713,3901571491000
object_C4_layer_523.png,3901572638000,10,0.05,2500,1.5,7,6.4,0,4511,580489,0,0,0.0,2.1714285714285713,3901583924600
object_C4_layer_524.png,3901585244800,10,0.05,2500,1.5,7,18.4,0,4534,582966,0,0,0.0,2.1714285714285713,3901594696800
object_C4_layer_525.png,3901595437300,10,0.05,2500,1.5,7,10.4,0,4547,585453,0,0,0.0,2.1714285714285713,3901607278700
object_C4_layer_526.png,3901608124700,10,0.05,2500,1.5,7,30.4,0,4585,587915,0,0,0.0,2.1714285714285713,3901617534300
object_C4_layer_527.png,3901618378700,10,0.05,2500,1.5,7,8.0,0,4595,590405,0,0,0.0,2.1714285714285713,3901628832300
object_C4_layer_528.png,3901629521300,10,0.05,2500,1.5,7,19.2,0,4619,592881,0,0,0.0,2.1714285714285713,3901640786500
object_C4_layer_529.png,3901641521100,10,0.05,2500,1.5,7,6.4,0,4627,595373,0,0,0.0,2.1714285714285713,3901651688700
object_C4_layer_530.png,3901652471400,10,0.05,2500,1.5,7,17.6,0,4649,597851,0,0,0.0,2.1714285714285713,3901662029500
object_C4_layer_531.png,3901662773600,10,0.05,2500,1.5,7,20.0,0,4674,600326,0,0,0.0,2.1714285714285713,3901674181700
object_C4_layer_532.png,3901675061400,10,0.05,2500,1.5,7,8.0,0,4684,602816,0,0,0.0,2.1714285714285713,3901686696900
object_C4_layer_533.png,3901688339200,10,0.05,2500,1.5,7,6.4,0,4692,605308,0,0,0.0,2.1714285714285713,3901698004900
object_C4_layer_534.png,3901698721800,10,0.05,2500,1.5,7,6.4,0,4700,607800,0,0,0.0,2.1714285714285713,3901711165600
object_C4_layer_535.png,3901712694200,10,0.05,2500,1.5,7,11.2,0,4714,610286,0,0,0.0,2.1714285714285713,3901721909300
object_C4_layer_536.png,3901722636500,10,0.05,2500,1.5,7,13.6,0,4731,612769,0,0,0.0,2.1714285714285713,3901735797300
object_C4_layer_537.png,3901736561500,10,0.05,2500,1.5,7,12.8,0,4747,615253,0,0,0.0,2.1714285714285713,3901745638000
object_C4_layer_538.png,3901746574000,10,0.05,2500,1.5,7,6.4,0,4755,617745,0,0,0.0,2.1714285714285713,3901757088300
object_C4_layer_539.png,3901757872500,10,0.05,2500,1.5,7,6.4,0,4763,620237,0,0,0.0,2.1714285714285713,3901767949100
object_C4_layer_540.png,3901768979500,10,0.05,2500,1.5,7,16.0,0,4783,622717,0,0,0.0,2.1714285714285713,3901780256900
,,,,,,,,,,,,,,,
,,,,,,,,,,,,,,,
,,,,,,,,,,,,,,,
,,,,,,,,,,,,,,,
